ID,Author,Message,Rating,Posted,Product_ID
6fcb5c90-2ecc-487e-866e-45832a11d5db,Darron Effertz,Maiores a commodi est eligendi voluptatem quo. Omnis magni odio tempore. Vitae aperiam rem quos.,5,2021-01-13T00:17:44.000Z,d35da8c0-df61-4634-a353-09cc2f091ff6
2efef60f-aa34-41ed-9018-6ffa269fe00c,Aryanna Hermiston,Laborum est ad unde omnis sint minus animi. Ut consequatur excepturi est aut. Consequatur quo commodi praesentium fugiat voluptas maxime repellendus. Aut qui non a aut et et ex ut at. Tenetur optio earum quas id consequatur illum illum molestiae. Aut impedit nulla quae itaque est ut itaque ab.,9,2021-08-07T11:15:13.000Z,d35da8c0-df61-4634-a353-09cc2f091ff6
2etcf60f-aa34-41ed-9018-6ffa269fe00c,Danyka Tremblay,Et facere nihil aliquid tempore debitis adipisci nulla sint. Ducimus ipsam qui aperiam voluptatem architecto doloremque eligendi quo quia. Beatae odit earum consectetur earum. Dolor veniam rerum delectus a qui at. Aperiam qui quos perferendis.,7,2021-07-30T07:13:21.000Z,5fce646e-00ca-4187-8002-f050fed240d8
2efef60f-aa34-41ed-9018-6ffa269oe00c,Baby Spencer,Rem nulla fugiat distinctio nihil quasi fugiat. Itaque aspernatur voluptates sapiente. Expedita fugit et aut autem aut ipsum minima exercitationem. Libero officia dolor non consequatur ex blanditiis consequatur ipsum et. Facilis quisquam eius qui aut at quisquam fugit similique minus. Non debitis odio est et quam ducimus aliquam pariatur.,5,2021-10-10T10:32:37.000Z,704b4359-c9da-4bed-ad60-d656b866525d
37c8d50d-ca1d-433a-9fec-12352f57d4f6,Bethel Runte,Quisquam odit quia nulla dolorem non odio est praesentium ut. At praesentium qui quos eveniet ratione consequatur. Qui voluptate porro error rerum incidunt nisi. Odit suscipit perferendis sequi nulla esse qui eaque cum dolorum.,9,2021-05-23T11:21:02.000Z,9869343d-e24e-4542-97cd-26d30dbdcc63
92d3de1d-d491-457e-8823-00c2d84f8f75,Bailee O'Conner,Suscipit minus debitis maxime. Voluptate enim sapiente ducimus ea amet dolores est in facilis. Amet at aut omnis hic corrupti sequi quidem. Ut nobis laudantium voluptatem aut culpa ut. Saepe ratione iusto.,8,2021-11-05T07:17:13.000Z,0482a0ca-65be-4b81-85d5-b90667439807
1c6b673a-a4e0-40d6-a948-7795b8901f5e,Irwin Altenwerth,Officiis aspernatur quia dolor ipsa enim. Dicta qui unde ex. Vel est iusto et vel illo. Eum dolores repudiandae deserunt dolore eveniet molestiae tenetur. Aut dolor qui. Voluptatem neque quis pariatur.,7,2021-05-30T15:16:49.000Z,a205720c-e293-4a5b-914b-1f0372022d11
9b605f56-684a-475a-823d-d09819236d9b,Peggie Gaylord,Cumque dolorum quia. Et odio dignissimos nihil provident et. Et aperiam voluptatibus eos est. Est molestiae est autem. Adipisci modi animi. Sed quam magnam quia aut suscipit et hic quo et.,3,2020-12-18T20:33:03.000Z,f7e0a660-24c6-44f8-a815-1410674cee21
e2042149-06ae-4527-b30c-9b33e263a2e5,Andre Jaskolski,Quisquam eveniet inventore. Dolorum beatae est tempore quia maxime. Quos unde sed rerum deleniti dignissimos totam id.,2,2021-06-05T13:03:25.000Z,07450de0-3682-4bf2-a1e7-a22053404d7b
070edc25-3480-4979-9ff4-d21718991d7f,Lloyd Harris,Placeat consequuntur eius amet velit. Nihil sit temporibus tempore consequatur culpa nisi vitae. Vel veritatis eos soluta eos molestiae provident. Eos dolores sit impedit dolore minima. Inventore consequatur reprehenderit rem doloribus et voluptas pariatur. Asperiores totam facilis quis adipisci.,7,2021-11-14T14:10:16.000Z,0d179d4a-c956-4826-9635-83419c2cd9f1
8f2af625-80f0-4292-bceb-c318c7736287,Lia Nicolas,Quo sed qui reprehenderit doloribus quia. Ipsum voluptatibus aut facilis. Commodi sunt ducimus dicta officiis enim voluptates quia. Blanditiis rerum earum nihil omnis aut.,3,2021-10-02T14:49:57.000Z,08523757-b4ac-4aa4-a6b5-e48dff81a808
7048fbb8-815d-47e9-932e-1c33a40814b3,Genesis Raynor,Et quia est enim earum. Blanditiis ratione ut. Est perspiciatis corrupti porro voluptatum officiis et consequatur et.,3,2021-01-05T03:14:34.000Z,22f291cc-3133-4125-b640-72bdee6e5d2f
94dc3860-f1dc-49f7-8a52-ebfcde28b3f4,Telly Schamberger,Labore qui eveniet. Pariatur dolor qui sint amet. Adipisci eos et assumenda aut voluptatem.,8,2021-07-10T02:24:40.000Z,22f291ce-3133-4125-b640-72bdee6e5d2f
2e6d2108-5b7c-41e3-8284-4af4066c8c84,Joan Jakubowski,Ut similique nobis porro ex autem est nemo ut. Accusamus quibusdam et aperiam explicabo pariatur natus est. Omnis odit voluptatem voluptas non. Et et assumenda harum aut maiores consequatur ipsam.,6,2021-08-08T05:09:34.000Z,34c6caaa-f220-439f-8ee2-641f6360bcb3
8c16c0fb-1e25-4225-b5aa-ff45adf758f6,Jovanny Lakin,Magnam eum hic rerum nesciunt inventore quisquam. Voluptatibus aut doloribus perferendis non dolores nihil. Autem doloremque voluptate tempore cum ipsam assumenda recusandae. Ea id eos aut. Consectetur tenetur eius.,7,2021-01-03T21:35:37.000Z,51653860-e02a-42a1-bd9e-0f3414193906
d436cfdb-5324-4734-8018-f519bb7622d4,Fernando Pfeffer,Eum ab est eaque eos voluptas esse sit explicabo doloribus. Enim quia fugiat eum laboriosam voluptatibus quos. Quidem dolor ea tenetur ut. Reprehenderit rerum consequatur dolores commodi. Eum corporis qui.,7,2020-12-09T20:11:05.000Z,8405f398-fc0d-4466-89c4-909608221e93
f697eb1e-05fb-4b0b-abef-18e2fd6dc88e,Tyra Schowalter,Voluptatum dolores ipsam quae eos quis. Sequi ab cupiditate repudiandae vero. Facilis repellendus aut vero eos ad hic et possimus.,10,2021-07-01T05:36:17.000Z,fc6c50ee-be00-4897-9087-655206fed4bc
093d4284-e88a-4151-bd04-fa78a8af1f67,Shaun Hilll,Natus et aut cum. Alias natus accusantium qui nihil aut quasi esse. Iure pariatur voluptatibus quis odit omnis voluptatibus optio magni ea. Nemo fugit asperiores inventore et temporibus. Dicta laborum deserunt. Sed quod eum sed ut quod dolores quasi expedita.,6,2021-06-21T20:33:46.000Z,54fdb332-d90c-4505-9587-5e2dc8304c90
3ba235f1-967f-4a1c-a986-e2dfc1f92d5f,Baby Lakin,Qui quasi neque maxime porro qui ea cum. Omnis eaque nostrum. Labore est sed consequatur est cum dolorem eius consequatur vel. Consequatur dolor non excepturi sequi. Ullam eum alias vitae itaque hic omnis eligendi. Voluptatem aspernatur voluptatibus quia et eum assumenda aut.,7,2021-01-05T03:22:10.000Z,e3be7e9d-7400-4ad6-85ba-5649d0c8ba21
115175c1-77f9-420f-996a-c50baca3b395,Lee Mosciski,Perspiciatis exercitationem iste consequatur similique et facere. Amet illo nemo. Tempora molestiae possimus molestiae pariatur recusandae enim sint nihil unde. Aliquam qui fugit libero vitae. Aut distinctio fugiat maxime et aut itaque minus asperiores deserunt.,1,2021-05-10T22:45:57.000Z,77a31e52-39c5-4df7-9487-1ad089ce56b9
0569d58b-c007-4b05-b550-438bad942d62,Jennifer Schulist,Et nemo minima rerum rerum maxime et assumenda aliquid. Rerum iste iure voluptas iusto rem nihil nam. Et mollitia est iure qui. Libero et culpa ut dolores non. Ut dolor voluptatum est temporibus nulla eius. Ipsam quae maxime exercitationem dolorum id neque.,8,2021-04-18T03:56:11.000Z,75061c39-67eb-4a04-8e05-5b96fdd5191a
cbf1cdf6-21c7-4df9-b69c-d39d2abe4929,Brycen Turcotte,In occaecati ipsa minima. Quo id doloremque velit. Nesciunt dolor et reiciendis et quia qui aut commodi.,7,2021-07-26T08:22:48.000Z,6e7961e8-31f2-46f1-b8d6-4f4c057205b3
21beaa52-1b31-4fd4-895c-a4462156455f,Moshe Fritsch,Dolor omnis ipsa aut explicabo sint officiis ut minima. Dicta voluptatibus officia. Omnis tenetur alias recusandae alias vel nihil. Ut nisi voluptatem maiores. Ab itaque eum aut. Blanditiis nesciunt ut tempore et veritatis ea voluptas.,5,2021-08-22T13:16:00.000Z,59370eb0-c862-4219-a261-6b19d6e85500
1b775094-27f9-4f89-a889-35cfbb3d78eb,Amina Medhurst,Rerum saepe non. Iusto fugit sapiente reprehenderit possimus omnis qui similique expedita asperiores. Eligendi nulla magni. Maxime eligendi distinctio laudantium in laudantium dolorem delectus et dolores.,4,2021-07-03T14:58:41.000Z,e6236f00-61bc-4fa8-8499-010444603d22
e4da6a5f-906d-4385-a21c-949b4826bebf,Denis Runte,Ut incidunt laudantium quia qui laboriosam possimus asperiores nulla dolores. Laboriosam sequi et ut et qui voluptatem nulla dicta. Rem et vero laborum omnis. Et qui sit aut. Laborum quis beatae et reiciendis animi vel. Aliquam voluptatem minima itaque libero aspernatur aut.,1,2021-11-08T11:55:04.000Z,728ef49c-6213-485f-8a3c-25ac09aae728
f26876b6-a2d5-469e-84c1-3cd56b0a453c,Maddison Kreiger,Sunt natus amet commodi minus. Labore quo sunt illum. Accusantium facere ea aut et iure ullam. Dignissimos est impedit sed harum ut vitae magni. Quas sed molestiae ut eum laboriosam saepe hic.,6,2021-08-25T12:40:27.000Z,1e257663-6dc1-44a0-9199-f4e6441ebf67
8b50dbd2-745a-43be-9c05-490f9f5a16da,deline Goodwin,Delectus quaerat et ipsa ullam. Et ea optio doloremque at. Quis libero expedita id est nulla omnis quia. Sit rerum ad ut ut qui cum expedita. Totam sequi animi et et placeat enim animi.,10,2020-12-22T01:29:56.000Z,0b02e3e0-3ab7-4d4a-93a1-0d9e94a280a3
1f2ebee2-cf20-4bbc-80ae-5cb5c24e9a53,Keshawn Mills,Est officiis nostrum voluptatem eveniet. Id est et ipsum non quaerat et inventore reiciendis explicabo. Sequi beatae perferendis laboriosam voluptatum et sed qui nobis. Totam perferendis accusantium.,10,2021-11-06T22:08:13.000Z,ae81a918-d6c7-4f52-9d80-62794bfe7857
3dc68162-510f-49a9-83a7-7d1ea026bee0,Zachery Abernathy,Fugit ab dolor molestias occaecati accusantium beatae est et. Voluptatem quae non exercitationem. Qui consequatur magni ut. Est cum porro pariatur temporibus corporis consequuntur fuga doloremque neque. Et tempora doloribus aliquid magnam quis eum non possimus consequatur.,3,2021-07-07T16:31:59.000Z,775e0c23-ccda-4858-84dd-40b96c121d33
be76aec3-45e8-476c-a502-89c6a4a599bc,lewellyn Thiel,Ad asperiores qui asperiores in nihil sit illo. Qui non voluptate eum. Et sint saepe. Ut porro quas quod asperiores non alias quibusdam. Beatae ut et nobis aut totam et voluptatem. Hic hic ut natus.,1,2021-10-20T16:19:52.000Z,a65ef802-af32-4364-83c3-27317fdd7a06
e3311610-1c3a-4a23-860f-31aede6a80e9,Barry Cole,Iusto dolores et sint tenetur voluptatum eum. Animi ratione odit. Dolor eos consectetur aliquam numquam officia soluta porro neque. Voluptas optio quidem quod iste earum rerum dolor. Illum et ea iure voluptatem qui voluptatem magnam.,1,2021-09-24T20:43:24.000Z,fe1de2f2-de7a-49e0-a5aa-8fef3d9acd08
e6f252ce-280b-459e-9542-1760519ad37e,Ransom Krajcik,Consequatur possimus nobis sed qui repellendus. Consectetur quasi nam autem voluptate maiores. Repudiandae sint numquam numquam saepe.,1,2021-10-11T23:14:26.000Z,d462b4ef-0c95-4972-8b68-3b3e10750dcb
27c14e89-7ec3-45b4-8022-817bb27c02f9,Domenick Osinski,Cum doloribus sapiente non. At earum et. Ratione voluptatem commodi praesentium quia et et.,10,2021-05-12T23:40:41.000Z,78d65ddd-6f75-4301-8d70-6a922de60ffa
26638e37-272a-41bf-aa8a-1154d194012e,Clement Medhurst,Corrupti fugit eum rerum. Maxime accusamus amet qui voluptatem. Sapiente rerum officiis. Explicabo cupiditate in et et. Magnam qui dolores. Quos aut dignissimos sapiente.,6,2021-05-01T11:58:42.000Z,3d5457ec-1438-4acb-b626-558fcd5eee63
e2984c02-0983-4c03-b9b1-9d5fa600c1b6,Gregg Prosacco,Ex magnam minus distinctio rerum repellendus. Tempora est eius assumenda voluptas facere. Corrupti dolorum exercitationem eveniet sunt.,1,2021-06-06T15:44:14.000Z,d0d9792e-11ed-4c0c-ac2e-080650f09d08
b6c7f271-a2dc-4035-80e7-e8aecee23780,Assunta Strosin,Tempore quos eligendi quia ducimus et blanditiis maiores. Numquam placeat tempore hic. Corporis inventore est totam. Iusto veritatis consequatur excepturi ratione et molestiae perspiciatis saepe. Vel et fugit vel fugiat sint omnis.,6,2021-10-07T02:55:20.000Z,2107494e-2898-49d6-b4d0-b52384705ef6
f92ce7d3-5f22-49f5-ae5c-7ebf3e89ad2b,Lora Wuckert,Earum nobis sunt. Ipsa ex perferendis laudantium consequuntur et. Dolorum voluptatibus deserunt architecto quisquam. Accusamus saepe quidem repellendus commodi architecto et consequatur omnis.,3,2021-06-26T08:30:33.000Z,b535b7b8-1ce6-4d82-8b46-7e1bab48e626
0d24c313-ee10-417c-95ee-441bd82e3832,Ashtyn Goodwin,Eligendi expedita voluptates recusandae consequatur beatae dolores iusto. Sint quo quos quo. Aut ad esse reiciendis odio qui eveniet sed.,10,2020-11-18T06:04:39.000Z,1886a80f-9694-4f09-bde7-c99014574710
48b71a7b-dd58-4c90-a946-cb11721cc115,Amy O'Keefe,Placeat provident alias harum et magni atque sunt. Molestiae odio ratione. Enim dicta optio voluptatibus dolores ea enim. Excepturi dolorum repellendus qui maiores dolores consectetur ut.,6,2021-07-22T19:30:33.000Z,0ea1c84e-4abe-4171-976f-d3310c4206ff
3e5d5f12-7d66-4435-97c6-52c9ded0635f,Austyn Torp,Quos ratione quis illum aut enim ea voluptatem et optio. In dicta aperiam non dolor occaecati minima aut sequi quidem. Hic qui reprehenderit fugiat iste nesciunt a. Aut qui itaque.,9,2021-06-10T13:16:15.000Z,d3270e9e-fabc-4b33-8416-d5716ab25612
9259530c-f380-4fc7-9c67-78cae9cd7f9f,Benton Grady,Sint laboriosam ipsam. Adipisci tempore et aliquid praesentium. Impedit autem eveniet. Nulla est eos.,8,2021-02-03T13:46:58.000Z,4e919d2f-1c07-416b-b6da-de5cf6d64f7c
adf4c46c-d617-468b-a7b4-ea64d6a6320e,Arno Lubowitz,Necessitatibus eos laboriosam sed. Et suscipit dignissimos maxime quia et vitae magni. Dolores aut ipsa voluptate ipsa in molestiae cumque. Ut sapiente et non magni qui. Fuga voluptas impedit natus voluptatem sed consectetur in ipsa et. Veritatis blanditiis eum nobis temporibus dolorem autem blanditiis vel non.,10,2021-02-17T12:46:16.000Z,4f9f5a41-4e6a-43d8-acbe-db888b8e47ca
fc869da2-6be8-41af-91ad-4bb86234b0fb,Jaron Torp,Debitis ea neque voluptas autem eligendi consequuntur officia. Fugiat pariatur et. Rerum illum non.,6,2021-03-05T03:00:06.000Z,0c2a979b-f93f-4294-a7a7-1957040d3d13
16bb0f92-4bf9-4632-9f5e-b016b1f7992e,Jaylan Wolf,Atque id perferendis consequatur in repudiandae. Sed ut tempore consequatur et tempora nesciunt. Sed laboriosam qui et minima molestiae non labore vitae. Harum sed praesentium eius alias eligendi vel fugiat omnis. Voluptas qui pariatur labore a consequatur voluptatem laudantium voluptate sed. Nostrum eius placeat accusamus natus sint velit ea ut est.,10,2021-04-28T08:14:59.000Z,166d4ff8-5550-4a56-962b-e9113d8ab13e
cbde66d1-8c9e-413c-93dc-a5fd6e6939d3,Vernie Glover,Et consequatur minima voluptates deleniti eaque. Ut hic deserunt voluptatem consequatur est libero architecto et sit. A exercitationem et sequi modi nihil harum ducimus distinctio hic. Molestiae quia quo et quis accusamus illo. Totam ab sequi numquam.,1,2021-10-11T15:57:09.000Z,a07425a7-6b09-41c3-90b6-7d0adf3093eb
1da2226b-44df-4c8e-b64e-b870db97a446,Mckenna Mosciski,Fugit nihil illum vel expedita praesentium soluta sint vel. Possimus omnis aut alias at. Ut neque aspernatur nemo. Repudiandae tempore ea.,3,2021-01-31T04:55:19.000Z,15135379-d3b3-4e1a-add8-206d606e1fdf
18ac4838-a928-47d2-b2a7-2be0018dd460,Imogene Denesik,Eius fugit voluptatem nihil nihil corrupti enim possimus. Aut labore culpa vel. Qui impedit repellendus quis quia itaque voluptatibus. Odio voluptatibus excepturi voluptatem in veniam totam delectus. Et similique et enim nihil hic vero error et voluptatem.,8,2021-05-18T12:52:30.000Z,b5c0cd6b-6296-4d9c-91a8-1aa051e495a5
bf1590a3-d7d6-4382-8fbf-ce21f5211672,Aracely Russel,Corporis in sint dolores perferendis quis occaecati eos. Animi minus quibusdam voluptatibus rerum velit aut minima. Eum libero et ut minus sed. Qui nam fuga architecto natus similique repudiandae. Dolores ipsam quo expedita quidem et autem iusto eum.,6,2021-06-07T00:55:31.000Z,2f9ee7f1-a493-4416-a145-0e3cfeeeea22
29666529-dbe8-4d7b-bd56-d0faae883a8c,Vivienne Donnelly,Atque non et et enim voluptatem sed velit. Ex dignissimos dolore et est omnis quae cupiditate sapiente. Soluta et aperiam magni nulla labore. Eos nobis voluptatem ullam quisquam aperiam nemo dolor id quis.,2,2021-07-16T12:32:08.000Z,feb22557-d5d4-4b54-9507-c3fae1f75462
0e00f76b-06c2-471c-97b1-fcbe7a037626,Erin Zemlak,Ut libero quis fugiat libero est. Placeat nihil odio architecto est ducimus ipsum consequuntur. Ullam fuga dicta excepturi odit iste voluptas dignissimos autem id. Quasi qui voluptatem sit eum neque magnam architecto est eos. Aut sit expedita consectetur quas cupiditate aspernatur asperiores.,1,2021-07-10T16:49:58.000Z,69a946dc-9840-46cf-ba06-bba37ede330f
f6a83007-e2e5-4435-b54c-7dd27c86868b,Pete Lang,Dolor occaecati ut. Repellat quaerat temporibus itaque maxime voluptatem laborum dolores. Repellendus temporibus impedit aut. Soluta consequatur voluptas. Expedita laboriosam ea corrupti enim delectus et dolorem.,4,2021-08-13T14:13:24.000Z,ae453a29-b084-4575-a54a-2533ce3497ca
1b15ed41-c16a-4aeb-b39c-0dba25c9e4c3,Mona Schinner,Necessitatibus a soluta dignissimos aut neque. Vel aliquid possimus sit sit dolorum. Non ratione earum culpa.,1,2020-12-23T21:47:32.000Z,77001f02-6bfc-4c0c-ae05-2f658757cdf3
5e1b6649-396b-474f-ba8e-1e354c469678,Colin Muller,Harum est vel consectetur magni. Sint ut vel ipsa. Consectetur illo ad et cum doloribus voluptatem itaque quidem. Vel quis sed sed voluptates.,7,2021-07-21T03:55:28.000Z,ebf11fb2-82e6-4aa7-ba0c-56eae49f0295
01e5c73e-4ddc-441c-ba57-56f92fafc8af,Shyanne Howe,Autem molestiae esse molestiae molestiae iure ea. Occaecati et labore. Ipsam labore ex aut. Ipsa et vero ab aperiam non vitae totam ipsa.,3,2021-10-05T13:59:16.000Z,60fbc812-8c2e-467d-ae51-717cb500283e
9b11c149-aea3-4e68-bb25-ff06b649aa44,Danika Dietrich,Dolor sint facilis perferendis. Iure dicta ullam dolorem dolor esse placeat unde beatae omnis. Possimus qui ullam sunt facilis ut sed saepe ea earum. Quibusdam quia eius. Error minima et consequatur laborum.,4,2021-02-27T15:17:36.000Z,81cc42e9-efd4-40dc-8302-e8e0ea540c5e
c34551a7-f84c-43e3-ae28-530008652243,Adrian Gislason,Dolore consectetur facere et ex autem adipisci omnis. Quod rem nihil. Unde et molestiae a voluptates incidunt ab. Ut quia distinctio ex.,10,2021-03-15T08:46:13.000Z,89e9e7d9-b088-426f-bcf6-1111054b083a
9a0e2639-e9d4-48df-8948-36842bd928d3,Consuelo Ruecker,Et iure dolorem soluta enim ea exercitationem ad porro qui. Dignissimos sequi voluptate architecto magni quos omnis ea. Odio nobis alias cupiditate autem temporibus quod. Aperiam veniam qui iure quia rerum aliquid debitis fugit dicta.,1,2020-12-27T09:17:31.000Z,70c7f572-5afe-4715-afcf-d9bbb1090b7f
be117189-af93-465d-a204-d2132ff0b994,Dario Farrell,Quo dolor nesciunt esse veritatis voluptatem ea et repellendus. Impedit ex nesciunt reprehenderit possimus illo aperiam odio ea. Quidem reprehenderit quis iure consequuntur deleniti quod est. Rerum numquam incidunt impedit vero rerum natus mollitia nihil animi. Qui ut consectetur eos. Beatae quo quia.,8,2021-06-22T05:28:07.000Z,854f3721-0d5e-4a2a-8af1-be3b524e4562
e3ccc37f-63f3-444a-804d-14e0bc73b60d,Kendra Batz,Provident mollitia et molestiae eum sapiente voluptas. Ab eum minima. Nihil voluptas earum qui quo beatae aut.,8,2020-11-20T17:40:36.000Z,14239b38-4b22-49a8-a829-c193a304afec
23a1cfdd-4db7-44a1-be6c-bf75689ed3dc,Alayna Walter,Asperiores ut sit sit beatae consequuntur. Aut illum aut ex error dolores id dolores. Rerum quos magni deserunt laborum aut et tempora dolorem. Dolorem sint et inventore qui ut quibusdam. Unde quasi et provident vero. Eos accusamus provident.,4,2021-09-05T20:09:29.000Z,b8ebb60d-6639-436d-871d-1eab07fa4bfc
1d0281e2-8819-4a9b-88e3-476b5de8eeea,Louisa Rice,Provident unde laboriosam illum. Nesciunt et voluptas dolorum. Voluptatem eum dolore quibusdam laudantium accusamus corrupti. Incidunt consequatur et suscipit et possimus soluta quos. Molestiae explicabo non officiis quae sint ad quaerat. Numquam enim omnis voluptatibus repellendus.,9,2021-09-17T02:45:55.000Z,d548e7a3-3a4e-48d3-b883-494006edf626
23ba623e-cd6c-4a71-aaa3-6c7e0a993e08,Francis Vandervort,Minus dolor aut necessitatibus dolore voluptatum. Et assumenda nihil aut tempore quae sequi est aut. Corporis ut iure ea sint ex nam ea. Dolores quam cum soluta laborum. Et officia qui quo vel quis unde. Nulla qui fugiat labore magnam et molestiae autem deleniti ipsam.,8,2021-02-21T03:00:32.000Z,d548e7a3-3a4e-48d3-b883-494006edf626
9e0fe64e-4d2a-421d-887c-fdc55aa9a44c,Dedrick Christiansen,Saepe mollitia non est expedita optio ipsa animi architecto. Voluptas illo et dolorem minus. Voluptates ut aliquam ut voluptatem qui ipsum dicta natus.,9,2021-08-11T08:04:37.000Z,cfaba532-c55a-463e-93c4-c903aa87e999
8f77d73f-6d7e-41d1-9b9b-a0cede94b3e0,Jenifer Botsford,Id voluptatem laboriosam aut et est. Et odit assumenda blanditiis omnis voluptatem. Rem non quidem saepe architecto reiciendis veritatis. Vitae id a ut nihil et. Ea quo animi aut enim consequuntur aut velit accusantium. Quaerat doloremque molestiae qui reiciendis quia non et nihil.,5,2021-03-13T14:12:48.000Z,cfaba532-c55a-463e-93c4-c903aa87e999
91d55a38-af22-4bc9-b228-57e0b60ff8fb,Lorenz Ratke,Mollitia ipsam qui veniam. Molestiae mollitia aut. Voluptates repudiandae et nesciunt velit.,6,2021-07-30T23:24:17.000Z,f93a49a8-7875-410c-bd58-5b0d062f9723
f8c555e0-4ffb-473e-b7cb-e7756e0cdbf9,Hassan Rau,Maxime dolorem omnis a quaerat et dignissimos optio velit. Quis dolor sit quo consequatur dolores laborum ut quasi aut. Ad assumenda vel ex quidem.,10,2021-05-08T18:25:00.000Z,3b7740dc-bad9-4cf8-93a8-bed03717c61c
285ce92f-fc43-4dea-b57e-a1b40a5c91a1,Deanna Harris,Quas ullam asperiores quia. Nihil quam ut omnis quas eveniet. Provident qui laboriosam voluptatibus voluptatem quis voluptas provident.,4,2021-06-16T20:24:33.000Z,3b7740dc-bad9-4cf8-93a8-bed03717c61c
32ebbff1-37ed-4be2-9876-7ca0647d3d84,Derrick Murray,Iure sed corrupti nihil ipsum molestias. Minima distinctio totam. Aut in et blanditiis. Tempore commodi est nihil et.,4,2021-09-19T11:16:28.000Z,fb1c57ee-3daf-4d8c-8ef8-81d089732106
c8647a49-63f2-4998-9b2b-94f9211140a7,Morgan Quigley,Quod deleniti quas unde fugiat possimus rem quas facere tempore. Odit omnis voluptatem. Reprehenderit eum saepe et voluptas rerum magnam. Atque dolorum odio porro. Veritatis ut sint consequuntur.,4,2021-10-06T13:11:54.000Z,977b3d97-bdd0-4678-840d-024dd12e805d
fd956ab0-42f2-4d61-9842-c444393a156a,Magnus Rath,Odio atque totam non repudiandae. Quo quis impedit tempore. Et quae ut dignissimos sit sunt qui nisi qui.,1,2020-12-02T20:03:26.000Z,977b3d97-bdd0-4678-840d-024dd12e805d
cdc09393-f6dc-40a5-b8a5-fb963165a95c,Cletus Mayert,Dolor impedit sit. Voluptate enim labore et quam assumenda doloremque enim eius id. Eligendi harum nulla consequatur impedit.,4,2021-09-02T21:40:19.000Z,228174e3-0940-44bd-a7fe-a42df019027d
3c94b325-85ba-477b-9d96-1ea27ca53fec,Eli Ratke,Et ut suscipit sed dolore non est nam ipsa. Quia deleniti vel est iste. Laudantium quam cumque non. Minima quis explicabo rerum voluptate asperiores. Corporis quia et.,5,2021-06-09T21:44:43.000Z,228174e3-0940-44bd-a7fe-a42df019027d
8fc18158-18cd-48a7-8b08-9ca295924abe,Hal Moen,Deserunt in sed quia. Fuga inventore optio adipisci neque et facere provident mollitia ad. Nostrum ut est qui animi eligendi. Aperiam quae sunt et commodi. Unde quas necessitatibus autem neque odit et ea error.,6,2021-10-14T07:05:43.000Z,47fd8973-a842-4262-8569-0c94ac36af01
123e85b0-43be-4e94-9ab1-637f609486ab,Willow Metz,Vitae velit autem et. Sed excepturi dolor placeat modi doloremque et velit ratione. Sit quisquam voluptas quaerat dolores. Neque minus sed enim molestias quasi. Rerum labore et tenetur. Debitis nostrum fuga atque ut.,4,2021-03-26T15:02:42.000Z,d0efafbf-998b-4cc2-972b-89fc2e23f338
46c6b301-b850-4831-a9cf-aec2f99d7a23,Keaton Heller,Enim ut neque. Quos velit esse voluptas et. Et voluptatem qui nemo debitis fugit debitis qui doloremque fugit. Ipsum iusto ipsum reiciendis sed qui cupiditate repellat repellat et.,2,2021-04-12T00:55:30.000Z,2a2af3c5-1056-44de-94b9-f47a8d82420c
b0b97bb1-dbf2-48ba-abe1-8b3acd6f6ea6,Aryanna Gorczany,Pariatur et enim laborum totam aspernatur molestias ut numquam est. Atque iste asperiores pariatur. Omnis iure eos enim nam eos at qui. Dolor enim qui corporis et rerum soluta dolore facere. Magni impedit qui libero est adipisci optio eos.,10,2021-08-24T10:08:20.000Z,2a2af3c5-1056-44de-94b9-f47a8d82420c
5b216b6e-319f-4a01-9c92-3d4563c466f0,Joy Hegmann,Ad commodi voluptate veritatis officia eum dolorum similique. Quia omnis deleniti ut qui quaerat occaecati rem rerum odio. Vitae placeat atque delectus iure iusto voluptas quia sed. Quibusdam illo voluptate iure dignissimos.,7,2021-10-06T05:25:02.000Z,7f194b52-7c7e-4d89-b6b3-f19754f9c5cf
ec67352c-5010-4c84-a8fc-69e3f0b5528c,Marjorie Adams,Et aliquam eaque fugiat molestiae ut. Fuga omnis quo necessitatibus veniam at et ex. Sunt vitae facere ipsam quia aut fugiat. Provident aut quo qui ea qui ducimus cumque. Molestias nam vel ipsa quis at temporibus est libero optio.,10,2021-05-19T04:15:16.000Z,7f194b52-7c7e-4d89-b6b3-f19754f9c5cf
fd11eb2e-7f69-435a-bc07-fea1a55f46de,Burdette Pouros,Voluptates enim est est quos nihil laborum. Nulla ab non delectus sint. Ut sint deserunt nam ut.,7,2021-10-22T03:24:56.000Z,d6ea091c-bfab-460a-ad62-05c9de5abc50
2765d3ee-55ff-4f0a-91c0-eb10f1654c8b,Sherman Kohler,Est enim facilis delectus nihil ipsam perferendis porro inventore. Et consequatur est inventore. Officia laborum nobis et. Rerum tempore beatae omnis ut sunt ex voluptatem et soluta. Aut quaerat rerum. Omnis adipisci aut nobis consequatur nesciunt ipsa non neque laboriosam.,8,2020-12-29T14:23:29.000Z,e882249c-d20c-45fa-84ff-2d85e3bd7a68
ad2ebe71-f9e5-4b8d-b2ee-35d9e32570b0,Madaline Durgan,Deserunt quo adipisci molestias non vel asperiores. Dolorum ipsa omnis ut voluptatem sit ut quis voluptatem animi. Natus error consequatur. Labore harum perferendis deserunt praesentium sint.,2,2021-02-17T18:03:01.000Z,e882249c-d20c-45fa-84ff-2d85e3bd7a68
ef367446-a0c5-406b-9a15-db3ba017b67c,Jerad O'Kon,Et non sit delectus commodi sunt nihil architecto non. Vero facilis magnam ipsum dolorem dolor necessitatibus ut. Fuga odit assumenda quasi fuga itaque adipisci.,7,2020-11-21T11:17:55.000Z,6be6a602-12f5-4b62-9b3e-e33f45fdd951
10e620ec-6f1d-482c-8145-b89a5c2f7bf5,Joanny Harris,Esse corporis illo illo dicta impedit. Culpa alias quo minima ad nisi praesentium. Sapiente nemo officia.,2,2021-10-29T02:19:51.000Z,5722461d-3bf2-4657-80e5-ff6db6019749
6afb67f6-f5a0-4b92-99f6-6e65e8bba3e1,Josie O'Connell,Occaecati officiis et saepe. Eius eum nam quae aut commodi accusantium est. Labore iusto est nesciunt aliquam tempora commodi.,4,2021-09-11T22:47:42.000Z,5722461d-3bf2-4657-80e5-ff6db6019749
67db2f54-f1da-4b26-be7a-b4a9ad8abbef,Jordane Schulist,Explicabo a natus modi aut. Temporibus adipisci rerum voluptatum consequatur iure aliquam nam soluta. Id maxime iste veniam neque sint. Ea ut et libero fugiat in eos omnis est. Nam consequuntur laborum deserunt id sunt voluptatem rerum eius.,10,2021-01-02T16:08:44.000Z,d38c2d66-a391-4c59-b4f5-566b6810ff79
5399a043-6703-430c-8847-44985da8deb3,Kacie Breitenberg,Delectus facilis cupiditate libero soluta sit autem velit quaerat iste. Placeat rerum maxime laboriosam quasi corporis. Ea nesciunt dicta doloremque nam ducimus praesentium unde sit. Blanditiis voluptatem nulla qui sit.,8,2021-10-12T17:47:29.000Z,22465933-b2df-4a6e-ae46-b75b9e3dcd75
8d850459-907d-46bf-9e30-4fe896c3a4e1,Joana Hessel,Iste pariatur enim aut nesciunt sed pariatur qui temporibus illo. Dolorum aut officiis mollitia libero recusandae eveniet aut earum. Id velit eligendi commodi architecto optio omnis et voluptatibus. Et ex quod.,8,2021-01-14T05:45:42.000Z,22465933-b2df-4a6e-ae46-b75b9e3dcd75
e48c8d0a-0523-4b9f-af90-b8c707ac2f5c,Hailey Harris,Voluptas corporis est a et ut est non dolor. Commodi vel minus repellendus dolorum illum. Dolores enim voluptatem fuga amet explicabo incidunt ex. Ipsum inventore quis quia dolorum vel exercitationem ea totam ut. Aut iure eum dignissimos. Aut expedita dolore accusantium aliquid.,8,2021-10-20T11:28:18.000Z,f665bdf4-bf47-4d43-a39e-cc6a960315ba
f21edf11-3bc7-4320-834d-b03d52b4153e,Beth Huels,Adipisci est veritatis numquam ea vel. Sapiente dolor consequatur dolores iusto. Et est provident et quis odio fugit.,1,2021-04-27T01:01:32.000Z,03724ecd-da99-42f2-a38b-be40e2aec246
92998e70-cd54-4da7-8c6c-bf3182877ceb,Carlotta Bernhard,Sed voluptas assumenda natus totam sit nam perspiciatis et deleniti. Quas dolores omnis ratione nam possimus nam necessitatibus. Omnis suscipit dignissimos optio labore dignissimos minima. Omnis dolorem expedita molestiae quasi ratione quisquam aut autem.,1,2021-01-28T17:11:03.000Z,03724ecd-da99-42f2-a38b-be40e2aec246
1b296fc1-0d5a-4891-bc5b-f6a49ad28e03,Sanford Flatley,Id quia natus. Sed doloremque animi veniam quis necessitatibus unde voluptas expedita. Est totam totam. Sit qui ea.,5,2020-11-16T15:58:09.000Z,03724ecd-da99-42f2-a38b-be40e2aec246
e1ba1e6f-a3f7-4b93-85c3-5780d3d20fae,Eloise Murray,Tenetur consequatur corrupti facere adipisci officia veritatis. Nesciunt alias quasi ipsum. Accusamus praesentium eos et animi quisquam ullam velit ducimus ipsa. Ut alias sed necessitatibus.,4,2021-02-24T05:40:01.000Z,03724ecd-da99-42f2-a38b-be40e2aec246
f2704e61-fb02-4b25-b31b-41644b15115f,Queenie Bergstrom,Vel aut explicabo quis et sed nam sunt praesentium aspernatur. Repellendus porro voluptatem autem distinctio facilis doloribus asperiores sint. Voluptatum dignissimos consequatur debitis.,1,2021-06-02T10:06:24.000Z,038e5a58-9faa-424b-8e25-40a66eabac18
fc609381-26c2-446e-ab1a-3262bc658458,Catharine O'Reilly,Porro sequi ut natus omnis quisquam. Eos dolores ab. Ad a rerum dolorem distinctio reprehenderit molestias ullam.,7,2021-10-15T14:13:33.000Z,038e5a58-9faa-424b-8e25-40a66eabac18
5467dc07-b09e-40ef-abc5-c2883032e29d,Yessenia Kemmer,Fuga voluptas tempora. Rerum culpa animi consequatur dolor maxime. Et cumque alias reprehenderit rem sed qui.,7,2021-07-04T19:18:15.000Z,406d5151-eedb-4331-961b-42860c484241
a33f1a2e-e53c-4532-b280-4a74a6d83572,Jordon Conroy,Earum rem et sunt dolor non eveniet laboriosam a molestiae. Vel aut ut ipsa quia et voluptate et possimus recusandae. Atque vero tempore tempore dicta et et. Est ipsum occaecati nihil. A quae asperiores ad illo quis repudiandae et optio.,5,2021-04-28T10:45:47.000Z,34d9b524-cdc8-4dbd-b88c-234dfcd2cbb3
1e4069fb-b872-4ec2-8114-2595d186afd8,Kaley Kemmer,Ipsum alias repellendus aut. Tempore dolores et sunt. Hic amet consequatur soluta qui. Enim ad officia quis voluptatem sunt cupiditate doloremque. Natus minus quaerat.,8,2021-07-28T07:18:43.000Z,34d9b524-cdc8-4dbd-b88c-234dfcd2cbb3
d9adaca3-e4df-4ace-9123-9b782de7dd06,Aubrey Abbott,Veritatis voluptas illo quis. Facere maiores illo neque eaque. Inventore rerum pariatur. Magnam ipsam quia. Earum aut sequi blanditiis occaecati. Accusantium rerum praesentium cupiditate mollitia eius dolorum soluta.,8,2021-08-07T07:17:44.000Z,9ee94b4c-f126-4250-8009-919f2638f5c3
508a2008-da9a-4593-a9a1-c03eb83fa10f,Krista Adams,Sit sequi ratione earum delectus et harum. Omnis et officia provident optio esse. Est reprehenderit impedit rem magnam pariatur rerum enim ullam excepturi. Aut velit in laborum et enim doloremque. Ducimus suscipit distinctio non vero quis velit. Cumque repudiandae odio.,2,2021-09-18T00:11:50.000Z,9ee94b4c-f126-4250-8009-919f2638f5c3
526cd93f-4115-453e-8a25-b97ece23021d,Reva Harber,Eos qui et ea illo voluptas tempore. Ipsa aut animi adipisci veritatis asperiores qui et eius et. Corporis provident quidem culpa quia est quo saepe.,2,2021-08-17T13:21:52.000Z,9ee94b4c-f126-4250-8009-919f2638f5c3